coral_idx,Sex,BirthDate,UCSFDerivedRaceEthnicity_X
0,Male,1968-11-12,Black or African American
1,Male,1947-12-18,Multi-Race/Ethnicity
2,Male,1944-12-14,Other
3,Female,1956-08-31,Latinx
4,Male,1966-11-26,Latinx
5,Female,1951-07-17,Black or African American
6,Female,1951-07-26,Latinx
7,Female,1951-02-22,White
8,Female,1947-03-07,Asian
9,Female,1947-06-10,Multi-Race/Ethnicity
10,Male,1969-03-08,Asian
11,Male,1942-05-27,Asian
12,Male,1943-04-05,Other
13,Female,1951-05-04,Asian
14,Male,1954-12-29,White
15,Female,1933-08-16,Multi-Race/Ethnicity
16,Male,1961-06-21,Black or African American
17,Female,1956-12-25,White
18,Female,1948-02-04,Black or African American
19,Male,1969-08-27,White
20,Female,1935-10-01,Latinx
21,Female,1934-09-15,Black or African American
22,Female,1956-11-23,Black or African American
23,Female,1946-12-07,Asian
24,Female,1962-11-03,White
25,Female,1963-08-26,Southwest Asian and North African
26,Female,1975-03-29,Native Hawaiian or Other Pacific Islander
27,Female,1946-12-03,Latinx
28,Female,1987-06-23,Native Hawaiian or Other Pacific Islander
29,Female,1984-05-24,White
30,Female,1964-12-29,Black or African American
31,Female,1949-12-23,White
32,Female,1981-09-01,Asian
33,Female,1985-02-26,Native American or Alaska Native
34,Female,1983-07-11,Asian
35,Female,1950-07-28,Black or African American
36,Female,1958-05-21,Other
37,Female,1986-01-14,Latinx
38,Female,1969-01-05,White
39,Female,1974-12-24,Asian
