"sample","field","score","comment"
"b2","current_meds","A",""
"b2","stage","A",""
"b2","distant_met","TIE",""
"b2","metastasis","TIE",""
"b2","response","TIE",""
"b2","type_receptor","B","unsure if PR positive "
"b2","genetic_results","TIE",""
"b2","genetic_plan","TIE",""
"b2","supportive_meds","A",""
"b2","procedure_plan","TIE",""
"b2","imaging_plan","A","B gives results but didn't mention PET/CT"
"b2","lab_plan","B",""
"b2","medication_plan","TIE",""
"b2","recent_changes","A"," "
"b2","lab_summary","B",""
"b2","findings","A",""
"b3","current_meds","A",""
"b3","stage","TIE",""
"b3","distant_met","TIE",""
"b3","metastasis","TIE",""
"b3","response","TIE",""
"b3","type_receptor","TIE",""
"b3","genetic_results","A",""
"b3","genetic_plan","TIE",""
"b3","supportive_meds","TIE",""
"b3","procedure_plan","TIE",""
"b3","lab_plan","TIE",""
"b3","recent_changes","TIE",""
"b3","medication_plan","A",""
"b3","imaging_plan","A",""
"b3","lab_summary","TIE",""
"b3","findings","A",""
"b4","current_meds","A",""
"b4","stage","TIE",""
"b4","distant_met","TIE",""
"b4","metastasis","TIE",""
"b4","response","A",""
"b4","type_receptor","TIE",""
"b4","genetic_results","TIE",""
"b4","genetic_plan","TIE",""
"b4","supportive_meds","TIE",""
"b4","procedure_plan","TIE",""
"b4","imaging_plan","TIE",""
"b4","lab_plan","TIE",""
"b4","medication_plan","A",""
"b4","recent_changes","A",""
"b4","findings","A",""
"b4","lab_summary","TIE",""
"b5","current_meds","TIE",""
"b5","stage","TIE",""
"b5","distant_met","TIE",""
"b5","metastasis","A",""
"b5","response","TIE",""
"b5","type_receptor","TIE",""
"b5","genetic_results","TIE",""
"b5","genetic_plan","TIE",""
"b5","supportive_meds","TIE",""
"b5","imaging_plan","A",""
"b5","procedure_plan","A",""
"b5","lab_plan","TIE",""
"b5","medication_plan","A",""
"b5","recent_changes","TIE",""
"b6","current_meds","A",""
"b6","stage","TIE",""
"b6","distant_met","A",""
"b6","metastasis","TIE",""
"b6","response","B",""
"b6","type_receptor","A",""
"b6","genetic_results","TIE",""
"b6","genetic_plan","TIE",""
"b6","supportive_meds","TIE",""
"b6","imaging_plan","A",""
"b6","procedure_plan","B",""
"b6","lab_plan","TIE",""
"b6","medication_plan","TIE",""
"b6","recent_changes","TIE",""
"b7","current_meds","A",""
"b7","stage","A",""
"b7","distant_met","TIE",""
"b7","metastasis","A",""
"b7","response","A",""
"b7","type_receptor","TIE",""
"b7","genetic_results","A",""
"b7","genetic_plan","TIE",""
"p8","supportive_meds","A",""
"b7","supportive_meds","A",""
"b7","procedure_plan","TIE",""
"b7","imaging_plan","B",""
"b7","lab_plan","TIE",""
"b7","recent_changes","A",""
"b7","medication_plan","A",""
"b8","current_meds","A",""
"b8","stage","A",""
"b8","distant_met","TIE",""
"b8","metastasis","A",""
"b8","response","TIE",""
"b8","genetic_results","TIE",""
"b8","type_receptor","B",""
"b8","genetic_plan","TIE",""
"b8","supportive_meds","TIE",""
"b8","procedure_plan","TIE",""
"b8","imaging_plan","TIE",""
"b8","lab_plan","TIE",""
"b8","medication_plan","TIE",""
"b8","recent_changes","TIE",""
"b9","current_meds","A",""
"b9","stage","A",""
"b9","distant_met","A",""
"b9","metastasis","A",""
"b9","response","A",""
"b9","type_receptor","TIE",""
"b9","genetic_results","TIE",""
"b9","genetic_plan","TIE",""
"b9","supportive_meds","TIE",""
"b9","procedure_plan","TIE",""
"b9","imaging_plan","TIE",""
"b9","lab_plan","TIE",""
"b9","medication_plan","TIE",""
"b9","recent_changes","B",""
"b10","current_meds","B",""
"b10","stage","TIE",""
"b10","distant_met","TIE",""
"b10","metastasis","A",""
"b10","response","TIE",""
"b10","type_receptor","TIE",""
"b10","genetic_results","B",""
"b10","genetic_plan","A",""
"b10","supportive_meds","TIE",""
"b10","procedure_plan","TIE",""
"b10","imaging_plan","B",""
"b10","lab_plan","TIE",""
"b10","medication_plan","A",""
"b10","recent_changes","TIE",""
"b11","current_meds","A",""
"b11","stage","TIE",""
"b11","distant_met","TIE",""
"b11","metastasis","TIE",""
"b11","response","TIE",""
"b11","type_receptor","TIE",""
"b11","genetic_results","TIE",""
"b11","genetic_plan","TIE",""
"b11","supportive_meds","TIE",""
"b11","procedure_plan","TIE",""
"b11","imaging_plan","TIE",""
"b11","lab_plan","TIE",""
"b11","medication_plan","TIE",""
"b11","recent_changes","A",""
"b12","current_meds","A",""
"b12","stage","TIE",""
"b12","distant_met","TIE",""
"b12","metastasis","TIE",""
"b12","response","TIE",""
"b12","type_receptor","B",""
"b12","genetic_results","TIE",""
"b12","supportive_meds","TIE",""
"b12","procedure_plan","TIE",""
"b12","imaging_plan","TIE",""
"b12","lab_plan","TIE",""
"b12","medication_plan","A",""
"b12","recent_changes","TIE",""
"b13","current_meds","A",""
"b13","stage","B",""
"b13","distant_met","TIE",""
"b13","metastasis","A",""
"b13","response","TIE",""
"b13","type_receptor","TIE",""
"b13","genetic_results","TIE",""
"b13","genetic_plan","TIE",""
"b13","supportive_meds","TIE",""
"b13","procedure_plan","B",""
"b13","imaging_plan","B",""
"b13","lab_plan","TIE",""
"b13","medication_plan","TIE",""
"b13","recent_changes","TIE",""
"b13","lab_summary","TIE",""
"b13","findings","A",""
"b14","current_meds","A",""
"b14","metastasis","TIE",""
"b14","response","TIE",""
"b14","distant_met","TIE",""
"b14","stage","TIE",""
"b14","type_receptor","A",""
"b14","genetic_results","A",""
"b14","genetic_plan","A",""
"b14","supportive_meds","B",""
"b14","procedure_plan","TIE",""
"b14","imaging_plan","TIE",""
"b14","lab_plan","TIE",""
"b14","medication_plan","A",""
"b14","recent_changes","A",""
"b15","current_meds","A",""
"b15","stage","A",""
"b15","distant_met","A",""
"b15","metastasis","A",""
"b15","response","TIE",""
"b15","type_receptor","A",""
"b15","genetic_results","TIE",""
"b15","genetic_plan","TIE",""
"b15","supportive_meds","A",""
"b15","procedure_plan","TIE",""
"b15","imaging_plan","TIE",""
"b15","lab_plan","TIE",""
"b15","medication_plan","A",""
"b15","recent_changes","TIE",""
"b16","current_meds","A",""
"b16","stage","TIE",""
"b16","distant_met","TIE",""
"b16","metastasis","TIE",""
"b16","response","TIE",""
"b16","type_receptor","B",""
"b16","genetic_results","TIE",""
"b16","genetic_plan","TIE",""
"b16","supportive_meds","TIE",""
"b16","procedure_plan","TIE",""
"b16","imaging_plan","TIE",""
"b16","lab_plan","A",""
"b16","medication_plan","A",""
"b16","recent_changes","TIE",""
"b17","current_meds","A",""
"b17","stage","TIE",""
"b17","distant_met","TIE",""
"b17","metastasis","A",""
"b17","response","TIE",""
"b17","type_receptor","TIE",""
"b17","genetic_results","A",""
"b17","genetic_plan","TIE",""
"b17","supportive_meds","B",""
"b17","procedure_plan","TIE",""
"b17","imaging_plan","TIE",""
"b17","findings","A",""
"b17","lab_summary","TIE",""
"b17","recent_changes","TIE",""
"b17","medication_plan","A",""
"b17","lab_plan","B",""
"b18","current_meds","A",""
"b18","stage","TIE",""
"b18","distant_met","TIE",""
"b18","metastasis","TIE",""
"b18","response","TIE",""
"b18","type_receptor","B",""
"b18","genetic_results","A",""
"b18","genetic_plan","TIE",""
"b18","supportive_meds","TIE",""
"b18","procedure_plan","A",""
"b18","imaging_plan","TIE",""
"b18","lab_plan","TIE",""
"b18","medication_plan","A",""
"b18","recent_changes","TIE",""
"b19","current_meds","A",""
"b19","stage","A",""
"b19","distant_met","TIE",""
"b19","metastasis","TIE",""
"b19","response","TIE",""
"b19","type_receptor","TIE",""
"b19","genetic_results","A",""
"b19","genetic_plan","TIE",""
"b19","supportive_meds","A",""
"b19","procedure_plan","TIE",""
"b19","medication_plan","A",""
"b19","lab_plan","TIE",""
"b19","imaging_plan","A",""
"b19","lab_summary","TIE",""
"b19","findings","TIE",""
"b20","current_meds","TIE",""
"b20","stage","A",""
"b20","distant_met","B",""
"b20","metastasis","B",""
"b20","response","TIE",""
"b20","type_receptor","A",""
"b20","genetic_results","B",""
"b20","genetic_plan","A",""
"b20","supportive_meds","TIE",""
"b20","procedure_plan","TIE",""
"b20","imaging_plan","TIE",""
"b20","medication_plan","A",""
"b20","lab_plan","TIE",""
"b20","recent_changes","TIE",""
"b1","current_meds","A",""
"b1","stage","A",""
"b1","distant_met","TIE",""
"b1","metastasis","A",""
"b1","response","TIE",""
"b1","type_receptor","A",""
"b1","genetic_results","TIE",""
"b1","genetic_plan","TIE",""
"b1","supportive_meds","TIE",""
"b1","procedure_plan","TIE",""
"b1","imaging_plan","TIE",""
"b1","lab_plan","TIE",""
"b1","medication_plan","TIE",""
"b1","recent_changes","TIE",""